id,name
bxf73uaptcz0uj7uy1g0euod1,DiDi Haračić
5shor8es56o12syt7wdllu385,Ali Riley
cma46vvprpduachdlb2ruakx6,Vanessa Gilles
6opd7nuh51c7p6pn6w04yuntg,Megan Reid
f1lymlxr3tdvvvhlv5rixarx1,Jasmyne Spencer
avhmou9ayqv9te0nocy80aga1,Jun Endo
bnxnrws4yintb6s76erzl9xw5,Christen Press
awme1kk0t2w81hc4xcup7k222,Tyler Lussi
6zzk0lgja87zs45h8btgheled,Cari Roccaro
9aj5gfycwgc6r0b550zagl4a1,Danielle Weatherholt
6h8t7apz5vzk0pjxo8hbbkfhm,Savannah McCaskill
f02o5cstwe8wiq79i7mt76k2c,Hope Breslin
7gvdzul3qvjac851i2gfsf8tm,Simone Charley
4b5vyt6i4kbu9ndnkp3s7qolw,Stefany Ferrer Van Ginkel
3bx0w0ftkij1lqrt727gjd94a,Madison Hammond
4ydhmjolo7sirgluzy5802kus,Brittany Isenhour
5ctvnqq716lbj0l9prrp8vb4k,Lily Nabet
rycq53h1ywzgbkp4zmkkv9jo,Maia Pérez
cyu5nlkuebrr5s6r5z98w9uga,Allyson Swaby
d80r13kh5f6bcpwsy3cka75d5,Miri Taylor
8j1i9gr0v369rfhhjsycnq5ed,Katelyn Rowland
6yewao79nhfa4fct6bqfw5bdh,Jaelene Daniels
5rtm5d6v7nfqjh9ahayyc1bkl,Abby Erceg
1p3bwk03ay87hp2nwrl3tfxwq,Kaleigh Kurtz
9tgl7yxv14fuik2uvpflzbkr9,Merritt Mathias
cqpdeqi0psfadqsgejcvdqqne,Malia Berkely
5ekbwy8vf1l1jzj6txawrg7h1,Debinha
6z68ej070bws9x17xsmo4c4b9,Taylor Smith
1bw2kkdm9fcqpl2brljc0g8vd,Kerolin
7fk82cjz0z5vq2ts3vmz8has5,Denise O'Sullivan
2agud4ditumgfdm9kt404rgx6,Emily Gray
r0pg8rav5hikgunw3gwyxmju,Rylee Baisden
1e5460op99sb3m3b9xzb6pq3u,Jorian Baucom
bzn9r2st3lrb74jbrnosv75ec,Theresa Boade
p6mq2ouc50vln1ou3cyg0lqs,Marisa Bova
86xqmp60672vnqn7wbsgbr07p,Kate Bowen
bj3unxp9xho1kr7sztpweagyy,Diana Ordóñez
54ieoaegysojsey2jmqtr9ucp,Brianna Pinto
817x7baq69b1tnrtminbjf3zd,Meredith Speck
1x229gvjahkxp7w02bh0v36ga,Ryan Williams
1yva0f096q2oqk5gz59utr42y,Bella Bixby
33u8nb0n2o6jsipw0b5r4j8mi,Meaghan Nally
5zwpytehpeosi3sfckvkuy3md,Emily Menges
4j9un8594hl9gezwkdeafnbsa,Kelli Hubly
7w3qwzs0je6lqm4j7v3c02qga,Morgan Weaver
9e65qlc7dfjkajyhzhak8sc7p,Janine Beckie
bnnc9csv7qrc2xgx7yzgxlcr9,Meghan Klingenberg
cfx9wllh2x6ozkvqxusa3sl3p,Christine Sinclair
cmolam8ri93kos2rasjhnuxyi,Samantha Grace Coffey
6k82rq8synvac950ext5t0jpx,Rocky Rodriguez
v0k2w41tlj0elpj7nrw68onp,Natalia Kuikka
96dcffkf3e4teifl26rzm1kyy,Marissa Everett
7izc8t071mkrrgvptdjru467e,Olivia Lynn Moultrie
emihtyw994ca7bwm3y8ou4odm,Madison Pogarch
16xdgkd63d47o5ieudqo4ksq2,Taylor Porter
ej30pr3zj4ozjz0mzuh28chzo,Gabby Provenzano
1xgse8t4dm0decmpzebsphvfu,Yazmeen Ryan
706rwdwv4re27svfmlo7na3th,Abby Smith
f05vaz2h7sxozmvi641cf7qi1,Sophia Smith
7in4ykzbs8p44qy4jrb10p0wl,Hina Sugita
4baep35yxj0df8fqwcvh7x8lx,Adrianna Franch
736jvvtkgwc3g1vooviaod33d,Isabel Rodriguez
48l2ildbeme2l336nor2hw6lm,Elizabeth Ball
cdh996gimeb2p2bqgtdgkji1g,Jenna Winebrenner
5hlqbq06hcmi0k3m1b97ohzah,Mallory Weber
9tsvck33mdt24svja4clmf2tw,Addie McCain
k8a5k4deho4rktyk7t6waac,Elyse Bennett
4c6z6g6q7jq62bznylu0kjnc9,Lo’eau LaBonta
15u9zrm4e4gosthf1vmkp5ht6,Kate Del Fava
bheniu7u85ivkjhipazymzxzp,Kristen Edmonds
96jcamlgo8nghmr2s0m0q2lbe,Chardonnay Curran
a1vlxzecgxx2jh5gyfjc5usix,Kristen Hamilton
9bm3miivvxjghhmp18s1gedpl,Taylor Leach
4n8mpw9mylh30sjhy441cbpjo,Alexis Loera
57nmefeij6bg2ltvoqmqb7nbp,Cassie Miller
9v1vw8prvj8o0j7glcb4qo06h,Maddie Nolf
50gw7uui815nbk6kwknwvlpsl,Victoria Pickett
8268uz78cozofddjujklvgbqi,Sydney Schneider
30zxxpp5riiju8hkvp7n7nz6d,Desiree Scott
cbhcuvuqi3gxgln6n463vz9at,Alyssa Naeher
3esajnuok17w043qxim4s6n10,Tatumn Milazzo
cl1av4qyzjkq03akjof6tdf1m,Kayla Sharples
6310xsm8wes34gu6654cgvmz8,Amanda Kowalski
4e2l88qfahs0ey4urydb96e7e,Ella Stevens
19q08g2zozqldqapwyv1osxsk,Sarah Griffith
dv8265k3za578hkzxxuttqmdx,Vanessa DiBernardo
cieyupgmnxecb4emqljudrw89,Arin Wright
1c2boqmoi50esuelgdd96o06h,Danielle Colaprico
9egpxgjpxaa3dkgkzy8brq1re,Zoe Morse
ejnchs99plocbhm7txy6r3s9h,Bianca St-Georges
c11wgnz0v95lj8ldtecp7wges,Jill Aguilera
bk59xw0wl2ou43oapb0opja0a,Emily Boyd
8ace4czv4na5qww43srp67fv8,Ava Cook
5dqjfblg7soo4znl8duds0zys,Samantha Fisher
8gyp4n5nwllz600463t7ueyy2,Channing Foster
7pdog0usw4fwr3j3neexfz1ed,Rachel Hill
7mg3exv2es9mrfso3g6bgu2mt,Alyssa Mautz
6tzifun0j9zza35wrlvm4b7dg,Mikenna McManus
2e8med2swmjdv0uck4hmz4s4q,Katie Lund
n70i0c7uk1qxianxoiotqmeh,Emily Fox
esz6xzkinz76pk8edmsjwldzo,Julia Lester
5wjfxb57gtzmp7m29wotyafv9,Gemma Bonner
aqihfnhadzdmi7i5bjfnphqms,Nealy Martin
47wzwvf5ksv7kdivj9ra96l0p,Freja Olofsson
1zjvb0kej2m1kp1sl0hw8tmuh,Jaelin Howell
7hrw0exutge376ai2uf6frw4q,Lauren Milliet
94j0ci5rtwvr8nlrr32cfg9d6,CeCe Kizer
asfd5wkedz1u29xt37r6or4rt,Savannah Marie DeMelo
2qqged8hw4lzh6u8r81kc22fp,Jessica McDonald
4lfk4hy1a6ig3izoq3mgl9zhl,
24lhpn1z5ikitapll48t1z7kk,Jordyn Bloomer
4f0zm6i0gg260zvicbviqsdn8,Kirsten Davis
31huq3jv7h6l1n0ybdp8523ca,Emina Ekic
3svqubb2pdx77fopvm9tfc7x0,Parker Goins
87fq93e9x1yy4thmeituciycq,Sh'nia Gordon
mmk0vhl1l0qxdyjina9v6xka,Addisyn Merrick
dyhsiv5coosgxspc29t8ybend,Taylor Otto
9jitxfwaeix5fn1n3dhartbhm,Ebony Salmon
d9dirjpaqkq3gga2zyeykcv6d,Aubrey Kingsbury
9zcl2x3h5b1cb2sf5wuarmwru,Camryn Biegalski
11u4dj0z0p616zx9gsnil66ay,Sam Staab
4aix0gos55qf4mdpld547ek7p,Amber Brooks
2kwbmpr3tyyqao2l51h6as9re,Morgan Goff
1vm6c4hne2dxwavuso2ohf179,Julia Roddar
4b7ue8bo3zejn44b2v54bedck,Taylor Aylmer
cjtwys3ydxu4xogjsmpj4wc9g,Anna Heilferty
cwerr3zz6pqzzzqso9dx69fjd,Ashley Sanchez
bfk6fgj2z7yifd9iqwjlk4pka,Trinity Rodman
b9d4fqz6ezz2azklpghb9kyjt,Ashley Hatch
6o0xf7vl4enney4rtwerkb5k9,Tinaya Alexander
1ftms6bue2ezs3khsimk9sep6,Dorian Bailey
1vm9mztp9ro7cnp6boinc7phx,Nicole Barnhart
errir6ade8y91vp5z7v8gkn6y,Bayley Feist
9ey5ne1x360dswcqx19rs8i6s,Audrey Harding
enc31o3tha551illb45cn7mj9,Devon Kerr
7qw3tekwnmsv6i4u3i0qcpjv9,Kelley O'Hara
bjmuuyimbuml1mzq9numb5yh,Karina Rodriguez
3aj7p478dcuat6tz8096sq8dl,Emily Sonnett
8btgs1e799s3xyjfqloeg2iju,Phallon Tullis-Joyce
en0tkbsirwu9mb2czbwuyr5yh,Jimena López
apl8fpqij3o30f21vh2tthe22,Phoebe McClernon
5kx524x345idecr205u9oopd6,Alana Cook
dwwgrimn3ddecp5kllvsdga8l,Sofia Huerta
93d5k82qrmjr894k2hp5aril1,Jessica Fishlock
97ssez228adiao5teqah0uqc5,Nikki Stanton
9oyg8mzw5p2cc47omal5sb5uy,Veronica Latsko
4j3kopvvd3iej6p4h9z36giqd,Rose Lavelle
eigt6t2rj0k98zt1isqrvtvqh,Ally Watt
4apwozsvcd68ki0o3469ftht6,Bethany Balcer
23nuijdnnuiwzkd5cf7jbyajt,Angelina
e2drffyibnqhyo0sou3zahdsk,Olivia Athens
7lt9nze7e2mk2hlp9dkvabkyd,Lauren Barnes
auxh2h28s4f16tb34cnue0bmx,Marley Canales
74uudh34v23m2z9gy5tdppxey,Sam Hiatt
46r9yf1huh29ri0sbx0yum6ll,Laurel Ivory
1wax6m4sngx7kwd55ce1xha3u,Tziarra King
92xr4iaonx7z7erl1vl2o5t2i,Sinclaire Miramontez
51m1qnbhz50no0mfc6oq9rhzp,Quinn
53uflfknc5uus7iqw3obp5fx1,Jane Campbell
dtrm0ji0olk3n01v71m8a5exh,Allysha Chapman
6zm75ruas324c7yrt18ttei8l,Katie Naughton
e4lfaia255nw9ndnol0mvxc2y,Ally Prisock
3cyj9a2fjtx4xd0bqdh6g3azu,Haley Hanson
5ni7a4s85lp22rysy5inywf3e,Marisa Viggiano
cgfk0e62cesbgieslfge2p61h,Sophie Schmidt
1he80t4tdvj86rbvng0956prd,Maria Sánchez
amg2zai9038cdz9uuql3l9rkl,Rachel Daly
516s5q2n1hop56c1768x0jbh1,Nichelle Prince
51n7w1qor95qwacbcd2sap8q2,Michaela Abam
edwr7f7jwnxm1plk91fx8hfro,Michelle Alozie
26lzsxt560alvd4702jr8yhre,Julia Ashley
4b6yhmhjp7ek7rnv47x5aga1h,Elizabeth Eddy
270qzf9ig52z04iu3ujnmstg4,Ryan Gareis
cyyzbgk590f6tucri0fb0hyqc,Makamae Gomera-Stevens
19udx179xugqp84qo9rsq0nhl,Shea Groom
7aan3ytixshjgturnu20vsw6h,Lindsey Harris
5z4eljhtvsvscd9kvsi0cfh7t,Kelcie Hedge
6038cudzzp36z0gsb621fp3sa,Bri Visalli
4yb9avzbrzt8m4c4h1yy98jbp,Kailen Sheridan
6p2318moul9op4hmigk1xbaw9,Kristen McNabb
6x0oj293r0sv99i071v8owpgp,Naomi Girma
7pynp0g6h56oqimzdffivfpat,Kaleigh Riehl
n4egj8ymfled94mco0lwa95,Christen Westphal
3vnw015vllv7vzi79h7bplolx,Emily van Egmond
l28lqh3f3ojx6kk2wvvq6nyt,Alex Morgan
41dbul8mwc18wwgo4k2zc6aga,Kelsey Turnbow
8q0rkr3gz7hz1ssdx3fkro0a2,Taylor Kornieck
bzk89svsd2os7tv4wsbfaiivo,Belle Briede
1i4e7ehhib7vt3tx5xmd9efv9,Sofia Jakobsson
b9zyytzb31lz9644187z6a13o,Amirah Ali
1p7mhkqn7vxnady8q0vboi02d,Makenzy Doniak
9jqsvecho1nlcemf0328zvz10,Mia Gyau
b6k04c9mhy98ef5j9g7f33zmc,Taylor Hansen
6l2wua4jg3a4v85su8nmc52p5,Katie Johnson
8uytw0oh4avwjk1m0u3d24x04,Sydney Pulver
d6ga5ai1ytp6be5is0zks8jjd,Marleen Schimmer
92k3ea1daqrl2ri1jn49v0vyt,Jodie Taylor
apnae1pkhwjx0hwhg6x0rwst1,Carly Telford
cgdh5gto4p75dnq8u2otkhw45,Erin McLeod
2x4vbu3htfozzwd8g7bdxeacp,Courtney Petersen
4u1t85rdp5o0ficalv26x4t05,Toni Pressley
9hs0hutntgdjklszqisxozend,Megan Montefusco
3tphlgyvws6ml5qiicqbsvrh1,Celia
z8vdz64bgqus4c85451nsrf9,Angharad James
91pl4sfwk9t4ybwanj8dlwahg,Mikayla Cluff
dyfsbff9jueyw5jhjou424bo4,Kerry Abello
d7wz4zcwkpup4n85zqpkvstsl,Gunny Jónsdóttir
56itundc3fmmn49swyo7uhm8l,Darian Jenkins
3tv9zit2sg0oeltemato1o8kq,Leah Pruitt
eoc724h5j6mnvvu1nbumezmxh,
7df2h1fsf74sz29p3yxibgis4,Kaylie Collins
3sgg664ay83kxhe17ogbke978,Julie Doyle
e0dda8rti71tczv0pwjffhc2y,Abi Kim
e6ik2e3wuno5drtc623947vca,Carrie Lawrence
4c3ul31a4mf94cclrayr43g7p,Sydney Leroux
1uf4321zvio3hrwfu4z4jxp7t,Kylie Strom
9dhcf93mr1nfzxjv769gvnzyt,Erika Tymrak
77agy8f4m7ybib2cssdfsltuy,Viviana Villacorta
7rakt6kzybvn8u7jkonrdcmad,Ashlyn Harris
1r8725akqzal1mni9wl8zmnai,Imani Dorsey
7qk5yrflclvgduk7s019n28yd,Estelle Johnson
6bhtfawnoxk9x57xigb8z03it,Ali Krieger
6fs7fjwxqpkgzosbb8364d4np,Caprice Dydasco
domf5amhxgz82ormceatnowd1,McCall Zerboni
7flxdnsd0pp5nxhldypcxeled,Nahomi Kawasumi
3v2uqzotxtogavxgqpe7plene,Paige Monaghan
4t91su0ns46r00vjynp0on5qt,Kristie Mewis
56y5qt6c03t7f5t7eoebi0wyd,Midge Purce
2bzp14nac8o5a8g21isxevlk9,Ifeoma Onumonu
9ifjrfggioh9cmphk85gykzx1,Michelle Betos
8g79cq6js90aqe3l88z0pxot1,Jennifer Cudjoe
54szh8526rjp2erap05ljqxud,Mandy Freeman
2mlyh9k0yhv8862rj6hu26j8p,Ellie Jean
6bolncipyfmk2znutkqquvy6t,Gina Lewandowski
bzjba96lqdaeqx69jv8fgqndh,Domi Richardson
2sc4jlfmioa61d1vgpcz0pht6,Delanie Sheehan
38p95hbwy1ivwo4orwdrwal90,Cameron Tucker
472wyz64a4iir400weagj987p,Kumi Yokoyama
4k07l37stzuilt7yv04j81kkq,Tegan Ann McGrady
6fl1ruianufxk3wj1cx8rrphx,Abby Dahlkemper
5q924z85a5bmydk32gr9gz71m,Melissa Lowder
9wvoeo39cgbelv8ddqin3aaga,Hailie Mace
9xio96dfvsccvqewgy3m4zo4p,Jaycie Johnson
ajm2otiy72xcni5pbtu1259n8,Joelle Anderson
cooidoyxxefn2o9a2z7c1h4a1,Emily Ogle
8rum6xdhsh8kjz3r3x39qtt04,Olivia Van der Jagt
4tnm3hxzav142ow867jwcozkk,Taylor Malham
3806ue4qpxyit2ps1ubj3hrkl,Jordyn Listro
ebh7dj3ldcr7kkere2nkmxz4k,Chelsee Washington
2sylxhwmisg8f763p2t1q934k,Hannah Betfort
dpi1jk3r0cyn9f9ote89781jp,Becky Sauerbrunn
29vjl1iba9rz14yd1g9qi4pn9,Megan Rapinoe
7e8f4kfwcucaj4239xz0rai1h,Anna Moorhouse
741s72n2a9z9o8lbcz3jx8gyd,Alex Chidiac
8co65x7tuvynuqvket8okb7xl,Natalie Ann Jacobs
ajdrn06n41ykofo4ihp5558t1,Clarisse Le Bihan
8ruvr2jnsfdub02rdh8q88s89,Paige Nielsen
csx5jhf4hyzld6gg790usp0wl,Yuki Nagasato
3qj9t05behkav9okd8n2wywh5,Casey Murphy
6zvfcc67po0ofvl1twrv13tg5,Carson Pickett
42vdmyzhg3m7or9duzcuwkusp,Brittany Ratcliffe
70bj6elm2g05zf0tfvbbta2mt,Havana Solaun
76a1j9n65rfmjjxk1wbrd9afo,Haleigh Stackpole
92oh1slr7iavs3lja9pvu30tl,Frankie Tagliaferri
41a58968ocakxmmmr736re2ac,Madison Elwell
exctgqj2thwet4fajx6wjssiy,Ella Dederick
5agjvy5cr93c0wzt0uqjn48b8,Jada Talley
4h2grrz4my62j2r6fijfsynai,Nicole Baxter
e0gmts9bxn8goqm3bz4835016,Taryn Torres
55di6bshvql6q8yo5c0fauw9h,Andi Sullivan
dkk9sopglpjgnopxcxkn65gid,Mallory Pugh
2bb2dbogerxxvircnah8gw222,Claudia Dickey
7zk89ycdkzmb65kdwti223wfd,Parker Roberts
50hra2cao69betz9vvel9uo2y,Chelsie Dawber
amls5kykb1h1c9b1mpiue3i6t,Rebecca Holloway
c72vuxvsbhryoxlv9yowz4grt,Hillary Beall
jhjfapfdasb0xmw4b2e9nz3e,Sarah Luebbert
c3x7wc864ls1bxspcieai9dec,Natalie Beckman
c96l2rcmapqedxv0p3uy5e2qy,Hensley Hancuff
9woyfs8z3bd46kk8qwyxfdv8q,Marissa Sheva
7gslai7b2mkllvzelqo0rknvt,Satara Murray
a9ds5lw4ekhfjzmlpax91mdw5,Nadia Nadim
q6aokswzsxorqhgnq3efugic,Kayla Bruster
coh8y9hfgvwt1vz99stks3qhh,
2ep2bycqnwveclejknhtobizt,Katie Cousins
a6we6zivd0v6kjntn2f04ghk9,Meggie Dougherty Howard
djs5syjzqdeh70g1xkzmbvld5,Thais Reiss
337qzu7e4zc4w8wpmkpq6j8q1,Cali Jean Farquharson
aj0l2zn1av33p8us4tc19eplg,Paulina Gramaglia
bo7ki5mmskdtp5op7pq53cdg4,Kayla Hamric
5wmmzcji93kz8sueudpv21cr9,Maegan Rosa
5m2ilglr6tlmgs2d4qzk5wno5,Kim Little
349m08nptx7matql2hebn5t78,Ryanne Brown
58ggl2oa2ucyrv91ofv44ump6,Alyssa Malonson
7l1cgwegu2530j63g6fi4hfit,Elli Reed
8e4jqpg6oty7im4qy4a6j1wk4,Shelby Hogan
biot51y8bhwouactlbow0b5k9,
4r5t11dg5zky5arkz4vx1rwiy,Katy Byrne
eign334lrgmok58r89ogpcpp0,Cheyenne Shorts
8v62hppzsz2yonw60h9910iga,Jenna Bike
5i32f8pcgw6gt6q9gpj0lfill,Sabrina Flores
8nju3lknbc9d02ymj7l98rotm,Amanda Paige Visco
avjj62zutjrkaqbl4vur7d9uc,Bridgette Nicole Skiba
di5o9q4xfbojj39ida9oymeqc,Jackie Altschuld
4zf17upqvs93jdphhsykw6m8k,Sarah Sodoma
6n0vqpkiwt8zgmsgt9z3ipasp,Jamia Fields
347h4639fjw27rx29j0we0q5m,Jordan Baggett
cr97r14w47rg844ze1fahr3ai,Averie Ann Collins
8f56sur0f67oo93dgmj4ysahg,Alia Martin
27dktxivmcqmi1lkz1vs49qi2,Tara McKeown
4ptow542cf8xp3kct4sbydh5g,Caitlin Cosme
e9yrihim8rigbwwsy3q6d0j6c,Allison Whitfield
81b0x9w893rll745d63h8uulm,Machaela Marie George
34dzczpi2lpp18ti87wxcd444,Haley Lanier Berg
egntdpd5mpnv6i8n8uv4yolhx,Zaneta Wyne
4dqrr8y5euk6hr82a8plbgmqc,Isabella Beletic
8pxooc1bx1n4lkxx225djq8t0,Hannah Medison Adler
hgmi04de6hz7djtq5h9j82l0,Kelly Livingstone
18kiz7s5jlyotkb4p0sbbxyol,Claire Emslie
c0fhla6s3w39xkv5lq93oat5g,
8wg2fuj90fvofmebmhofdnxii,Katie Murray
89yzrfb8xz9ypcs4nr2iqgley,Gaby Vincent
c3qo1xg6rwvdjwm2r7oaumjje,Emily Garnier
7drwwysuo9wwjrun0u3gp8r85,Valérie Gauvin
9by1d4orgqze7m8nldkrnwwrt,Kiki Pickett
cxl4bxs35ifb8o5cq9jxi1ec5,Tobin Heath
s4agv5e6y4vcecrakrruxlp0,Sophie French
a8dqjy4h1xsrq9afop7tatisq,Jennifer Vasconcelos
5c4py6mnk7lnw2mbgqacid9be,Kelsey Eileen Dossey
4k83z2cdvn2kwb72kh8e8qfsa,Jaedyn Reese Shaw
78i4mxu4hxwp995udteweftgp,Jordyn Huitema
b2u61v5d5ft35zscy7b2a6v2t,Claire Marie Annie Lavogez
v0q4f70xrc8ylwip5lfva5ed,Shuang Wang
efvcf4syatkaw5fbo37i5hat,Fuka Nagano
3wv8fvkh6lf02lkinpj30ecfe,Haley Bugeja
ak3tcm7w4qotjwi1f3mkljb9x,Almuth Schult
6fhiz0epsutfcs1xqfhcuomad,Morgan Gautrat
2z7y249r4xe4e7o7ojyqzzfv8,Kelly Rowswell
4b13osk9pzrosvzqt55y7o34l,Crystal Dunn
bjd26vqrs0pk8g04g5qdntd2i,Kelsey Renee Daugherty
50atlyy40e4sv5d0lbefss5w5,Chloe Logarzo
5vz9nl1i4heh44k09pke748ut,Rikke Marie Madsen
1enu619pvakj78wtsfuilbj3e,Mary Alice Vignola
co49l4m0my5li8yvcxgrvq0yy,Bruna Santos Nhaia
